	priority	created	url	completed	section_id	id	content	comment_count	label_ids	project_id	order	due
0	1	2020-03-08T20:53:42Z	https://todoist.com/showTask?id=3740178817	False	0	3740178817	Letters to a poet	0	[]	2221539577	1	2020-03-08
1	1	2020-03-08T20:07:05Z	https://todoist.com/showTask?id=3740111186	False	0	3740111186	[rsnous.com](https://rsnous.com/)	0	[]	2221539577	2	2020-03-08
2	1	2020-03-07T23:11:40Z	https://todoist.com/showTask?id=3738930475	False	0	3738930475	[rendering markdown in flask](https://rudra.dev/post/rendering-markdown-from-flask)	0	[]	2221539577	3	2020-03-08
3	1	2020-03-05T19:04:06Z	https://todoist.com/showTask?id=3735004889	False	0	3735004889	[community and privacy](https://www.patternlanguage.com/bookstore/community-and-privacy.html)	0	[]	2221539577	4	2020-03-08
4	1	2020-03-05T19:03:56Z	https://todoist.com/showTask?id=3735004678	False	0	3735004678	[a foreshadowing of 21 century art](https://www.patternlanguage.com/bookstore/foreshadowing-of-21st-century-art.html)	0	[]	2221539577	5	2020-03-08
5	1	2020-03-05T19:03:40Z	https://todoist.com/showTask?id=3735004289	False	0	3735004289	[new theory of urban design](https://www.patternlanguage.com/bookstore/new-theory-of-urban-design.html)	0	[]	2221539577	6	2020-03-09
6	1	2020-03-05T19:03:30Z	https://todoist.com/showTask?id=3735003985	False	0	3735003985	[the production of houses](https://www.patternlanguage.com/bookstore/production-of-houses.html)	0	[]	2221539577	7	2020-03-09
7	1	2020-03-05T19:03:21Z	https://todoist.com/showTask?id=3735003762	False	0	3735003762	[the oregon experiment](https://www.patternlanguage.com/bookstore/oregon-experiment.html)	0	[]	2221539577	8	2020-03-09
8	1	2020-03-05T19:02:55Z	https://todoist.com/showTask?id=3735003044	False	0	3735003044	[the timeless way of building](https://www.patternlanguage.com/bookstore/timeless-way-of-building.html)	0	[]	2221539577	9	2020-03-09
9	1	2020-03-05T06:54:38Z	https://todoist.com/showTask?id=3733581963	False	0	3733581963	[life in tibet](https://www.youtube.com/watch?v=WVD4QExHagk)	0	[]	2221539577	10	2020-03-09
10	1	2020-03-05T00:55:20Z	https://todoist.com/showTask?id=3733213535	False	0	3733213535	[studio production data science](https://netflixtechblog.com/studio-production-data-science-646ee2cc21a1)	0	[]	2221539577	11	2020-03-10
11	1	2020-03-04T23:55:00Z	https://todoist.com/showTask?id=3733146302	False	0	3733146302	[naming a business](https://seths.blog/2003/06/naming_a_busine/)	0	[]	2221539577	12	2020-03-10
12	1	2020-03-04T21:36:48Z	https://todoist.com/showTask?id=3732939925	False	0	3732939925	[pattern language books](https://www.patternlanguage.com/bookstore/bookshelf.html)	0	[]	2221539577	13	2020-03-10
13	1	2020-03-04T21:36:12Z	https://todoist.com/showTask?id=3732938677	False	0	3732938677	a pattern language - kindle	0	[]	2221539577	14	2020-03-10
14	1	2020-03-04T21:35:03Z	https://todoist.com/showTask?id=3732936454	False	0	3732936454	[patternlanguage](https://www.patternlanguage.com/)	0	[]	2221539577	15	2020-03-10
15	1	2020-03-04T21:34:43Z	https://todoist.com/showTask?id=3732935844	False	0	3732935844	[MONIAC](https://en.wikipedia.org/wiki/MONIAC)	0	[]	2221539577	16	2020-03-11
16	1	2020-03-04T21:01:28Z	https://todoist.com/showTask?id=3732876555	False	0	3732876555	[Steven Kosslyn podcast notes](https://roamresearch.com/#/app/stian-research/page/9gAsR_QSs)	0	[]	2221539577	17	2020-03-11
17	1	2020-03-04T20:59:57Z	https://todoist.com/showTask?id=3732873129	False	0	3732873129	[Building the Intentional University: Minerva and the Future of Higher Education (The MIT Press)](https://www.amazon.com/Building-Intentional-University-Minerva-Education-ebook/dp/B076DLBFN2/ref=sr_1_1?keywords=building+the+intentional+university&qid=1583159075&sr=8-1)	0	[]	2221539577	18	2020-03-11
18	1	2020-03-04T20:59:22Z	https://todoist.com/showTask?id=3732872007	False	0	3732872007	[Joshua Fost: Education for Century](https://www.youtube.com/watch?v=XORIZCL3gRE)	0	[]	2221539577	19	2020-03-11
19	1	2020-03-04T20:59:00Z	https://todoist.com/showTask?id=3732871392	False	0	3732871392	[0:06 / 40:402019 ASU GSV Summit: Realizing Change Practical Solutions for Major Reform in Higher Education](https://www.youtube.com/watch?v=ouqVnkgwpmE)	0	[]	2221539577	20	2020-03-11
20	1	2020-03-04T20:58:42Z	https://todoist.com/showTask?id=3732870819	False	0	3732870819	[Berkeley Law and Minerva Project Partner to Launch Executive Leadership Program for Legal Professionals](https://www.law.berkeley.edu/article/berkeley-law-and-minerva-project-partner-to-launch-executive-leadership-program-for-legal-professionals/)	0	[]	2221539577	21	2020-03-12
21	1	2020-03-04T19:11:12Z	https://todoist.com/showTask?id=3732669844	False	0	3732669844	[systems thinking applied to teaming](http://citeseerx.ist.psu.edu/viewdoc/download?doi=10.1.1.201.2203&rep=rep1&type=pdf)	0	[]	2221539577	22	2020-03-12
22	1	2020-03-04T19:09:44Z	https://todoist.com/showTask?id=3732667196	False	0	3732667196	[problems](http://www.farooq-javed.com/farooqjaved/2019/12/20/problems)	0	[]	2221539577	23	2020-03-12
23	1	2020-03-04T19:09:36Z	https://todoist.com/showTask?id=3732666956	False	0	3732666956	[invent the future](http://www.farooq-javed.com/farooqjaved/2019/11/17/invent-the-future)	0	[]	2221539577	24	2020-03-12
24	1	2020-03-04T19:09:23Z	https://todoist.com/showTask?id=3732666619	False	0	3732666619	[impute](http://www.farooq-javed.com/farooqjaved/2019/8/31/impute)	0	[]	2221539577	25	2020-03-12
25	1	2020-03-04T19:09:18Z	https://todoist.com/showTask?id=3732666477	False	0	3732666477	[wisdom](http://www.farooq-javed.com/farooqjaved/2019/8/19/time-spans)	0	[]	2221539577	26	2020-03-13
26	1	2020-03-04T19:09:12Z	https://todoist.com/showTask?id=3732666296	False	0	3732666296	[true dialogue](http://www.farooq-javed.com/farooqjaved/2019/8/4/true-dialogue)	0	[]	2221539577	27	2020-03-13
27	1	2020-03-04T19:09:06Z	https://todoist.com/showTask?id=3732666097	False	0	3732666097	[medallia](http://www.farooq-javed.com/farooqjaved/2019/7/20/q1c1xiwvod8xwgchkrzxqkodba8dif)	0	[]	2221539577	28	2020-03-13
28	1	2020-03-04T19:08:47Z	https://todoist.com/showTask?id=3732665564	False	0	3732665564	[mentorship formula](http://www.farooq-javed.com/farooqjaved/2019/7/14/lj33wkd8ras5xbyolie2yjhn3tp8te)	0	[]	2221539577	29	2020-03-13
29	1	2020-03-04T19:08:39Z	https://todoist.com/showTask?id=3732665305	False	0	3732665305	[public perception](http://www.farooq-javed.com/farooqjaved/2018/12/25/public-perception)	0	[]	2221539577	30	2020-03-13
30	1	2020-03-04T19:08:31Z	https://todoist.com/showTask?id=3732665093	False	0	3732665093	[approaches to data and machine learning](http://www.farooq-javed.com/farooqjaved/2018/9/5/approaches-to-data-and-ml)	0	[]	2221539577	31	2020-03-14
31	1	2020-03-04T19:08:23Z	https://todoist.com/showTask?id=3732664842	False	0	3732664842	[second-order effects: what can exist?](http://www.farooq-javed.com/farooqjaved/2018/8/18/second-order-effects-what-can-exist)	0	[]	2221539577	32	2020-03-14
32	1	2020-03-04T19:08:13Z	https://todoist.com/showTask?id=3732664544	False	0	3732664544	[linger among master-thinkers](http://www.farooq-javed.com/farooqjaved/2018/8/18/linger-among-master-thinkers)	0	[]	2221539577	33	2020-03-14
33	1	2020-03-04T19:07:06Z	https://todoist.com/showTask?id=3732662598	False	0	3732662598	[antilibrary](http://www.farooq-javed.com/farooqjaved/2018/8/14/antilibrary)	0	[]	2221539577	34	2020-03-14
34	1	2020-03-04T19:07:00Z	https://todoist.com/showTask?id=3732662458	False	0	3732662458	[ursula le guin](http://www.farooq-javed.com/farooqjaved/2018/4/14/ursula-le-guin)	0	[]	2221539577	35	2020-03-14
35	1	2020-03-04T19:06:52Z	https://todoist.com/showTask?id=3732662159	False	0	3732662159	[software programs the world](http://www.farooq-javed.com/farooqjaved/2016/8/27/software-programs-the-world)	0	[]	2221539577	36	2020-03-15
36	1	2020-03-04T19:06:41Z	https://todoist.com/showTask?id=3732661875	False	0	3732661875	[tagore](http://www.farooq-javed.com/farooqjaved/2014/12/29/tagore)	0	[]	2221539577	37	2020-03-15
37	1	2020-03-04T19:06:35Z	https://todoist.com/showTask?id=3732661688	False	0	3732661688	[amazon](http://www.farooq-javed.com/farooqjaved/2014/12/1/amazon)	0	[]	2221539577	38	2020-03-15
38	1	2020-03-04T19:06:27Z	https://todoist.com/showTask?id=3732661479	False	0	3732661479	[claude debussy](http://www.farooq-javed.com/farooqjaved/2014/11/18/claude-debussy)	0	[]	2221539577	39	2020-03-15
39	1	2020-03-04T19:06:19Z	https://todoist.com/showTask?id=3732661204	False	0	3732661204	[innovators](http://www.farooq-javed.com/farooqjaved/2014/11/7/innovators)	0	[]	2221539577	40	2020-03-15
40	1	2020-03-04T19:06:13Z	https://todoist.com/showTask?id=3732661002	False	0	3732661002	[chinese bats](http://www.farooq-javed.com/farooqjaved/2014/9/25/china)	0	[]	2221539577	41	2020-03-16
41	1	2020-03-04T19:06:05Z	https://todoist.com/showTask?id=3732660779	False	0	3732660779	[jmw turner](http://www.farooq-javed.com/farooqjaved/2014/9/21/jmw-turner)	0	[]	2221539577	42	2020-03-16
42	1	2020-03-04T19:05:58Z	https://todoist.com/showTask?id=3732660602	False	0	3732660602	[intuition and conviction](http://www.farooq-javed.com/farooqjaved/intuition-and-conviction)	0	[]	2221539577	43	2020-03-16
43	1	2020-03-04T19:05:50Z	https://todoist.com/showTask?id=3732660364	False	0	3732660364	[capabilities](http://www.farooq-javed.com/farooqjaved/capabilities)	0	[]	2221539577	44	2020-03-16
44	1	2020-03-04T19:05:45Z	https://todoist.com/showTask?id=3732660198	False	0	3732660198	[invent the future](http://www.farooq-javed.com/farooqjaved/invent-the-future)	0	[]	2221539577	45	2020-03-16
45	1	2020-03-04T19:05:38Z	https://todoist.com/showTask?id=3732660002	False	0	3732660002	[be guided by beauty](http://www.farooq-javed.com/farooqjaved/be-guided-by-beauty)	0	[]	2221539577	46	2020-03-17
46	1	2020-03-04T19:05:29Z	https://todoist.com/showTask?id=3732659755	False	0	3732659755	[judging people](http://www.farooq-javed.com/farooqjaved/judging-people)	0	[]	2221539577	47	2020-03-17
47	1	2020-03-04T19:05:20Z	https://todoist.com/showTask?id=3732659511	False	0	3732659511	[remember the obvious](http://www.farooq-javed.com/farooqjaved/remember-the-obvious)	0	[]	2221539577	48	2020-03-17
48	1	2020-03-04T19:03:44Z	https://todoist.com/showTask?id=3732656650	False	0	3732656650	[business education](http://www.farooq-javed.com/farooqjaved/business-education)	0	[]	2221539577	49	2020-03-17
49	1	2020-03-04T19:03:34Z	https://todoist.com/showTask?id=3732656331	False	0	3732656331	[arguments](http://www.farooq-javed.com/farooqjaved/arguments)	0	[]	2221539577	50	2020-03-17
50	1	2020-03-04T19:03:28Z	https://todoist.com/showTask?id=3732656160	False	0	3732656160	[full stack startups](http://www.farooq-javed.com/farooqjaved/full-stack-startups)	0	[]	2221539577	51	2020-03-18
51	1	2020-03-04T19:03:21Z	https://todoist.com/showTask?id=3732655959	False	0	3732655959	[veeva is different](http://www.farooq-javed.com/farooqjaved/veeva-is-different)	0	[]	2221539577	52	2020-03-18
52	1	2020-03-04T19:01:04Z	https://todoist.com/showTask?id=3732650797	False	0	3732650797	[polymaths](http://www.farooq-javed.com/farooqjaved/polymaths)	0	[]	2221539577	53	2020-03-18
53	1	2020-03-04T19:00:51Z	https://todoist.com/showTask?id=3732650421	False	0	3732650421	[ronald coase](http://www.farooq-javed.com/farooqjaved/question-assumptions)	0	[]	2221539577	54	2020-03-18
54	1	2020-03-04T19:00:42Z	https://todoist.com/showTask?id=3732650121	False	0	3732650121	[lessons from ibm](http://www.farooq-javed.com/farooqjaved/lessons-from-ibm)	0	[]	2221539577	55	2020-03-18
55	1	2020-03-04T19:00:35Z	https://todoist.com/showTask?id=3732649835	False	0	3732649835	[culture](http://www.farooq-javed.com/farooqjaved/culture)	0	[]	2221539577	56	2020-03-19
56	1	2020-03-04T19:00:29Z	https://todoist.com/showTask?id=3732649634	False	0	3732649634	[payments on twitter](PAYMENTS ON TWITTER)	0	[]	2221539577	57	2020-03-19
57	1	2020-03-04T18:59:45Z	https://todoist.com/showTask?id=3732648114	False	0	3732648114	[tinkering = optionality](http://www.farooq-javed.com/farooqjaved/tinkering-optionality)	0	[]	2221539577	58	2020-03-19
58	1	2020-03-04T18:41:22Z	https://todoist.com/showTask?id=3732610196	False	0	3732610196	[discontent](http://www.farooq-javed.com/farooqjaved/discontent)	0	[]	2221539577	59	2020-03-19
59	1	2020-03-04T18:40:49Z	https://todoist.com/showTask?id=3732608102	False	0	3732608102	[a tech subculture](http://www.farooq-javed.com/farooqjaved/a-tech-subculture)	0	[]	2221539577	60	2020-03-19
60	1	2020-03-04T18:40:41Z	https://todoist.com/showTask?id=3732607853	False	0	3732607853	[annual letters](http://www.farooq-javed.com/farooqjaved/annual-letters)	0	[]	2221539577	61	2020-03-20
61	1	2020-03-04T18:40:32Z	https://todoist.com/showTask?id=3732607597	False	0	3732607597	[MOBILE](http://www.farooq-javed.com/farooqjaved/mobile)	0	[]	2221539577	62	2020-03-20
62	1	2020-03-04T18:40:23Z	https://todoist.com/showTask?id=3732607228	False	0	3732607228	[SAAS VALUATIONS: PART 1](http://www.farooq-javed.com/farooqjaved/saas-valuations-part-1)	0	[]	2221539577	63	2020-03-20
63	1	2020-03-04T18:40:10Z	https://todoist.com/showTask?id=3732606686	False	0	3732606686	[SAAS VALUATIONS: INTRO](http://www.farooq-javed.com/farooqjaved/saas-valuations-intro)	0	[]	2221539577	64	2020-03-20
64	1	2020-03-04T18:40:01Z	https://todoist.com/showTask?id=3732606328	False	0	3732606328	[performance](http://www.farooq-javed.com/farooqjaved/performance)	0	[]	2221539577	65	2020-03-20
65	1	2020-03-04T18:39:52Z	https://todoist.com/showTask?id=3732605979	False	0	3732605979	[no silver bullets](http://www.farooq-javed.com/farooqjaved/no-silver-bullets)	0	[]	2221539577	66	2020-03-21
66	1	2020-03-04T18:39:43Z	https://todoist.com/showTask?id=3732605696	False	0	3732605696	[basketball](http://www.farooq-javed.com/farooqjaved/basketball)	0	[]	2221539577	67	2020-03-21
67	1	2020-03-04T18:39:32Z	https://todoist.com/showTask?id=3732605385	False	0	3732605385	[prophecy](http://www.farooq-javed.com/farooqjaved/prophecy)	0	[]	2221539577	68	2020-03-21
68	1	2020-03-04T18:38:51Z	https://todoist.com/showTask?id=3732604083	False	0	3732604083	[DECISION NOTEBOOK](http://www.farooq-javed.com/farooqjaved/decision-notebook)	0	[]	2221539577	69	2020-03-21
69	1	2020-03-04T18:38:39Z	https://todoist.com/showTask?id=3732603709	False	0	3732603709	[THE PERSISTENCE OF INSIGHT](http://www.farooq-javed.com/farooqjaved/the-persistence-of-insight)	0	[]	2221539577	70	2020-03-21
70	1	2020-03-04T18:38:25Z	https://todoist.com/showTask?id=3732603214	False	0	3732603214	[You can do too much diligence](https://avc.com/2013/05/you-can-do-too-much-due-diligence/)	0	[]	2221539577	71	2020-03-22
71	1	2020-03-04T18:38:12Z	https://todoist.com/showTask?id=3732602708	False	0	3732602708	[avc on diligence](http://www.farooq-javed.com/farooqjaved/avc-on-diligence)	0	[]	2221539577	72	2020-03-22
72	1	2020-03-04T18:38:00Z	https://todoist.com/showTask?id=3732602183	False	0	3732602183	[diligence and green lumber](http://www.farooq-javed.com/farooqjaved/too-smart-by-half)	0	[]	2221539577	73	2020-03-22
73	1	2020-03-04T18:37:29Z	https://todoist.com/showTask?id=3732601068	False	0	3732601068	[being wrong](http://www.farooq-javed.com/farooqjaved/being-wrong)	0	[]	2221539577	74	2020-03-22
74	1	2020-03-04T18:37:08Z	https://todoist.com/showTask?id=3732600451	False	0	3732600451	pchange the game](http://www.farooq-javed.com/farooqjaved/change-the-game)	0	[]	2221539577	75	2020-03-22
75	1	2020-03-04T18:36:56Z	https://todoist.com/showTask?id=3732600059	False	0	3732600059	[CONVICTION](http://www.farooq-javed.com/farooqjaved/conviction)	0	[]	2221539577	76	2020-03-23
76	1	2020-03-04T18:36:47Z	https://todoist.com/showTask?id=3732599687	False	0	3732599687	[CRAFTSMANSHIP](http://www.farooq-javed.com/farooqjaved/craftsmanship)	0	[]	2221539577	77	2020-03-23
77	1	2020-03-04T18:36:33Z	https://todoist.com/showTask?id=3732599266	False	0	3732599266	[THINK BETTER](http://www.farooq-javed.com/farooqjaved/think-better)	0	[]	2221539577	78	2020-03-23
78	1	2020-03-04T18:36:23Z	https://todoist.com/showTask?id=3732598960	False	0	3732598960	[CHRISTENSEN TEDXBOSTON](http://www.farooq-javed.com/farooqjaved/christensen-tedxboston)	0	[]	2221539577	79	2020-03-23
79	1	2020-03-04T18:36:11Z	https://todoist.com/showTask?id=3732598565	False	0	3732598565	[QUESTIONS](http://www.farooq-javed.com/farooqjaved/questions)	0	[]	2221539577	80	2020-03-23
80	1	2020-03-04T18:36:01Z	https://todoist.com/showTask?id=3732598289	False	0	3732598289	[Vision](http://www.farooq-javed.com/farooqjaved/vision)	0	[]	2221539577	81	2020-03-24
81	1	2020-03-04T18:33:33Z	https://todoist.com/showTask?id=3732592965	False	0	3732592965	[THEORIES](http://www.farooq-javed.com/farooqjaved/theories)	0	[]	2221539577	82	2020-03-24
82	1	2020-03-04T18:33:21Z	https://todoist.com/showTask?id=3732592573	False	0	3732592573	[STAGNATION](http://www.farooq-javed.com/farooqjaved/getting-passed-by)	0	[]	2221539577	83	2020-03-24
83	1	2020-03-04T18:32:44Z	https://todoist.com/showTask?id=3732591196	False	0	3732591196	[GENEROSITY OF STRANGERS](http://www.farooq-javed.com/farooqjaved/generosity-of-strangers)	0	[]	2221539577	84	2020-03-24
84	1	2020-03-04T18:32:29Z	https://todoist.com/showTask?id=3732590712	False	0	3732590712	[THE DISRUPTORS' PLAYBOOK](http://www.farooq-javed.com/farooqjaved/the-disruptors-playbook)	0	[]	2221539577	85	2020-03-24
85	1	2020-03-04T18:32:19Z	https://todoist.com/showTask?id=3732590414	False	0	3732590414	[Thinking about thinking](http://www.farooq-javed.com/farooqjaved/know-thyself)	0	[]	2221539577	86	2020-03-25
86	1	2020-03-04T18:32:03Z	https://todoist.com/showTask?id=3732589526	False	0	3732589526	[Learning Curve](http://www.farooq-javed.com/farooqjaved/form-and-substance)	0	[]	2221539577	87	2020-03-25
87	1	2020-03-04T18:31:51Z	https://todoist.com/showTask?id=3732589120	False	0	3732589120	[GROUPTHINK](http://www.farooq-javed.com/farooqjaved/groupthink)	0	[]	2221539577	88	2020-03-25
88	1	2020-03-04T18:31:40Z	https://todoist.com/showTask?id=3732588805	False	0	3732588805	[IN AN UNCERTAIN WORLD](http://www.farooq-javed.com/farooqjaved/in-an-uncertain-world)	0	[]	2221539577	89	2020-03-25
89	1	2020-03-04T18:31:31Z	https://todoist.com/showTask?id=3732588545	False	0	3732588545	[THE HEDGEHOG AND THE FOX](http://www.farooq-javed.com/farooqjaved/hedgehog-fox)	0	[]	2221539577	90	2020-03-25
90	1	2020-03-04T01:11:43Z	https://todoist.com/showTask?id=3730816282	False	0	3730816282	[Protesting Palantir](https://www.mcdbooks.com/electric_eel/protesting-palantir)	0	[]	2221539577	91	2020-03-26
91	1	2020-03-04T00:15:56Z	https://todoist.com/showTask?id=3730751519	False	0	3730751519	[how to use note taking to utterly transform your career](https://twitter.com/intentionally/status/1234918066649272325?s=20)	0	[]	2221539577	92	2020-03-26
92	1	2020-03-03T17:56:54Z	https://todoist.com/showTask?id=3730076424	False	0	3730076424	[kpi library](https://smartkpis.kpiinstitute.org/kpi-examples/organisational-context/browse)	0	[]	2221539577	93	2020-03-26
93	1	2020-03-03T03:19:27Z	https://todoist.com/showTask?id=3728460265	False	0	3728460265	Write the Japanese prayer into the journal	0	[]	2221539577	94	2020-03-26
94	1	2020-03-03T02:57:33Z	https://todoist.com/showTask?id=3728435774	False	0	3728435774	[become a turtle](https://twitter.com/hanbzu/status/1233325723462590464?s=21)	0	[]	2221539577	95	2020-03-26
95	1	2020-03-01T18:19:48Z	https://todoist.com/showTask?id=3724893884	False	0	3724893884	Parasite	0	[]	2221539577	96	2020-03-27
96	1	2020-03-01T06:01:11Z	https://todoist.com/showTask?id=3724020009	False	0	3724020009	[why chinese is so damn hard](http://pinyin.info/readings/texts/moser.html)	0	[]	2221539577	97	2020-03-27
97	1	2020-03-01T03:40:01Z	https://todoist.com/showTask?id=3723937310	False	0	3723937310	[things you should never do](https://www.joelonsoftware.com/2000/04/06/things-you-should-never-do-part-i/)	0	[]	2221539577	98	2020-03-27
98	1	2020-03-01T03:39:09Z	https://todoist.com/showTask?id=3723936793	False	0	3723936793	[choice architecture](https://en.wikipedia.org/wiki/Choice_architecture)	0	[]	2221539577	99	2020-03-27
99	1	2020-03-01T03:37:18Z	https://todoist.com/showTask?id=3723935557	False	0	3723935557	[the missing folkways of globalization](https://www.ribbonfarm.com/2010/06/16/the-missing-folkways-of-globalization/)	0	[]	2221539577	100	2020-03-27
100	1	2020-03-01T03:32:57Z	https://todoist.com/showTask?id=3723932721	False	0	3723932721	[high modernism](https://en.wikipedia.org/wiki/High_modernism)	0	[]	2221539577	101	2020-03-28
101	1	2020-03-01T03:24:44Z	https://todoist.com/showTask?id=3723927812	False	0	3723927812	[Impro by Keith Johnstone](https://www.ribbonfarm.com/2010/01/23/impro-by-keith-johnstone/)	0	[]	2221539577	102	2020-03-28
102	1	2020-03-01T03:24:36Z	https://todoist.com/showTask?id=3723927742	False	0	3723927742	[Sapir-Whorf, Lakoff, Metaphor and Thought](https://www.ribbonfarm.com/2007/12/16/sapir-whorf-lakoff-metaphor-and-thought/)	0	[]	2221539577	103	2020-03-28
103	1	2020-03-01T03:24:22Z	https://todoist.com/showTask?id=3723927614	False	0	3723927614	[eight metaphors of organization](https://www.ribbonfarm.com/2010/07/13/the-eight-metaphors-of-organization/)	0	[]	2221539577	104	2020-03-28
104	1	2020-03-01T03:21:29Z	https://todoist.com/showTask?id=3723925810	False	0	3723925810	[seeing like a state](https://www.amazon.com/gp/product/0300078153?ie=UTF8&tag=ribbonfarmcom-20&linkCode=as2&camp=1789&creative=390957&creativeASIN=0300078153)	0	[]	2221539577	105	2020-03-28
105	1	2020-03-01T03:15:06Z	https://todoist.com/showTask?id=3723921650	False	0	3723921650	60 30 10 app to map the range of ideal colors based on the selection of one	0	[]	2221539577	106	2020-03-29
106	1	2020-03-01T02:46:30Z	https://todoist.com/showTask?id=3723904015	False	0	3723904015	[analyzing chrome history](https://gist.github.com/dropmeaword/9372cbeb29e8390521c2)	0	[]	2221539577	107	2020-03-29
107	1	2020-03-01T02:42:36Z	https://todoist.com/showTask?id=3723901620	False	0	3723901620	[the death and life of great American cities](https://en.wikipedia.org/wiki/The_Death_and_Life_of_Great_American_Cities)	0	[]	2221539577	108	2020-03-29
108	1	2020-03-01T02:41:56Z	https://todoist.com/showTask?id=3723901184	False	0	3723901184	[curated city](www.normsadeh.com/file_download/171)	0	[]	2221539577	109	2020-03-29
109	1	2020-03-01T02:40:55Z	https://todoist.com/showTask?id=3723900613	False	0	3723900613	[ Five reasons for scenario-based design.](http://testingeducation.org/BBST/testdesign/CarrollScenarios.pdf)	0	[]	2221539577	110	2020-03-29
110	1	2020-03-01T02:40:29Z	https://todoist.com/showTask?id=3723900322	False	0	3723900322	[TrainRoulette: Promoting situated in-train social interaction between passengers](https://eprints.qut.edu.au/60969/)	0	[]	2221539577	111	2020-03-30
111	1	2020-03-01T02:39:35Z	https://todoist.com/showTask?id=3723899818	False	0	3723899818	[the poetics of space](https://www.amazon.com/dp/0143107526?tag=duckduckgo-d-20&linkCode=osi&th=1&psc=1)	0	[]	2221539577	112	2020-03-30
112	1	2020-03-01T02:36:17Z	https://todoist.com/showTask?id=3723897865	False	0	3723897865	[It really does take a village: The role of neighbors in the etiologyof nonaggressive rule-breaking behavior](https://www.health.geo.msu.edu/peer-reviewed/burt2018.pdf)	0	[]	2221539577	113	2020-03-30
113	1	2020-03-01T02:20:59Z	https://todoist.com/showTask?id=3723886725	False	0	3723886725	name generator for usernames based on topologies	0	[]	2221539577	114	2020-03-30
114	1	2020-03-01T01:49:50Z	https://todoist.com/showTask?id=3723867546	False	0	3723867546	perfect job for ventures	0	[]	2221539577	115	2020-03-30
115	1	2020-02-28T22:47:46Z	https://todoist.com/showTask?id=3722257147	False	0	3722257147	[networked thought newsletter](https://mail.google.com/mail/u/0/#inbox/FMfcgxwGDWxRwQNPSrPDNvVKKjpQpkTl)	0	[]	2221539577	116	2020-03-31
116	1	2020-02-28T19:47:49Z	https://todoist.com/showTask?id=3722002649	False	0	3722002649	[roam distributed learning notebook](https://roamresearch.com/#/app/stian-research/page/Aoq0x-csu)	0	[]	2221539577	117	2020-03-31
117	1	2020-02-27T23:32:15Z	https://todoist.com/showTask?id=3720203254	False	0	3720203254	[violent python](https://www.amazon.com/Violent-Python-Cookbook-Penetration-Engineers/dp/1597499579)	0	[]	2221539577	118	2020-03-31
118	1	2020-02-27T22:07:25Z	https://todoist.com/showTask?id=3720081875	False	0	3720081875	[building a second brain](https://www.buildingasecondbrain.com/)	0	[]	2221539577	119	2020-03-31
119	1	2020-02-26T16:00:45Z	https://todoist.com/showTask?id=3716979390	False	0	3716979390	[Fuzzy logic with engineering applications](http://iauctb.ac.ir/Files/%D9%88%D8%A8%20%D8%B3%D8%A7%DB%8C%D8%AA%20%D8%A7%D8%B3%D8%A7%D8%AA%DB%8C%D8%AF/fuzzy%20logic%20with%20engineering%20application-3rdEdition.pdf)	0	[]	2221539577	120	2020-03-31
120	1	2020-02-26T06:33:17Z	https://todoist.com/showTask?id=3715917700	False	0	3715917700	[Analyze Chrome’s Browsing History with Python](https://geekswipe.net/technology/computing/analyze-chromes-browsing-history-with-python/)	0	[]	2221539577	121	2020-04-01
121	1	2020-02-26T06:15:47Z	https://todoist.com/showTask?id=3715897700	False	0	3715897700	[Importing data from a text file into an SQLite database with Python](http://support.moonpoint.com/languages/python/inserting-textfile-sqlite.php)	0	[]	2221539577	122	2020-04-01
122	1	2020-02-26T05:56:39Z	https://todoist.com/showTask?id=3715877510	False	0	3715877510	[Carving SQLite databases from unallocated clusters](http://forensicsfromthesausagefactory.blogspot.com/2011/04/carving-sqlite-databases-from.html)	0	[]	2221539577	123	2020-04-01
123	1	2020-02-26T05:50:47Z	https://todoist.com/showTask?id=3715871110	False	0	3715871110	[increment magazine](https://increment.com/about/)	0	[]	2221539577	124	2020-04-01
124	1	2020-02-26T05:45:52Z	https://todoist.com/showTask?id=3715866213	False	0	3715866213	[Forensically Mining New Nuggets of Google Chrome](https://www.sans.org/blog/forensically-mining-new-nuggets-of-google-chrome/)	0	[]	2221539577	125	2020-04-01
125	1	2020-02-25T01:31:51Z	https://todoist.com/showTask?id=3713249098	False	0	3713249098	[unflattening](https://www.amazon.com/gp/product/0674744438?pf_rd_p=2d1ab404-3b11-4c97-b3db-48081e145e35&pf_rd_r=3WS4WNKJNB29J10AK9DY)	0	[]	2221539577	126	2020-04-02
126	1	2020-02-24T05:48:13Z	https://todoist.com/showTask?id=3711038827	False	0	3711038827	[Critical Reasoning: A Romp through the Foothills of Logic for the Complete Beginner](https://www.amazon.com/Critical-Reasoning-Foothills-Complete-Beginner/dp/1512066028/ref=sr_1_1?keywords=Critical+Reasoning%3A+A+Romp+Through+the+Foothills+of+Logic+for+Complete+Beginners&qid=1582523248&sr=8-1#customerReviews)	0	[]	2221539577	127	2020-04-02
127	1	2020-02-24T05:29:28Z	https://todoist.com/showTask?id=3711021022	False	0	3711021022	[Reading Style: One Topic All Books](http://www.josephlawler.net/notes/the-french-revolution)	0	[]	2221539577	128	2020-04-02
128	1	2020-02-24T04:46:15Z	https://todoist.com/showTask?id=3710981441	False	0	3710981441	[Classical Information Retrieval](https://www.cs.princeton.edu/courses/archive/spring14/cos435/notes/classicIR_topost.pdf)	0	[]	2221539577	129	2020-04-02
129	1	2020-02-14T16:16:36Z	https://todoist.com/showTask?id=3692658284	False	5203934	3692658284	[From Coding and Consulting into Venture Capital: The Dream Goal of Every Engineer?](https://www.mergersandinquisitions.com/engineer-to-venture-capital/)	0	[]	2221740628	130	2020-04-02
130	1	2020-02-23T21:12:46Z	https://todoist.com/showTask?id=3710484143	False	0	3710484143	[Live Font Interpolation on the Web](https://alistapart.com/article/live-font-interpolation-on-the-web/)	0	[]	2221539577	131	2020-04-03
131	1	2020-02-14T16:16:23Z	https://todoist.com/showTask?id=3692657904	False	5203934	3692657904	[Finding startups — notes on work as a new data scientist in an early-stage VC fund](https://towardsdatascience.com/finding-startups-notes-on-work-as-a-new-data-scientist-in-an-early-stage-vc-fund-7e994c8f390e)	0	[]	2221740628	132	2020-04-03
132	1	2020-02-23T21:12:30Z	https://todoist.com/showTask?id=3710483834	False	0	3710483834	[Live Font Interpolation on the Web](https://alistapart.com/article/live-font-interpolation-on-the-web/)	0	[]	2221539577	133	2020-04-03
133	1	2020-02-14T16:15:03Z	https://todoist.com/showTask?id=3692655265	False	5203934	3692655265	[What Does It Really Take To Make It In VC?](https://www.forbes.com/sites/kjartanrist/2019/03/11/what-does-it-really-take-to-make-it-in-vc/#3c2afe7c7d4f)	0	[]	2221740628	134	2020-04-03
134	1	2020-02-23T21:12:21Z	https://todoist.com/showTask?id=3710483602	False	0	3710483602	[User Interfaces for Variable Fonts](https://alistapart.com/article/user-interfaces-for-variable-fonts/)	0	[]	2221539577	135	2020-04-03
135	1	2020-02-23T21:12:05Z	https://todoist.com/showTask?id=3710483200	False	0	3710483200	[Breaking Boxes Typography and AR](https://www.aetherpoint.com/blogpost/breaking-boxes-typography-and-augmented-reality/)	0	[]	2221539577	136	2020-04-04
136	1	2020-02-23T21:07:27Z	https://todoist.com/showTask?id=3710476727	False	0	3710476727	[Gordon Pask](https://en.wikipedia.org/wiki/Gordon_Pask)	0	[]	2221539577	137	2020-04-04
137	1	2020-02-23T21:07:18Z	https://todoist.com/showTask?id=3710476523	False	0	3710476523	[A Pattern Language](https://en.wikipedia.org/wiki/A_Pattern_Language)	0	[]	2221539577	138	2020-04-04
138	1	2020-02-12T16:54:20Z	https://todoist.com/showTask?id=3688270780	False	5203934	3688270780	[Jacob Haip Blog](http://haiperspace.com/)	0	[]	2221740628	139	2020-04-04
139	1	2020-02-23T21:01:04Z	https://todoist.com/showTask?id=3710465900	False	0	3710465900	[Notes on the Synthesis of Form](https://en.wikipedia.org/wiki/Notes_on_the_Synthesis_of_Form)	0	[]	2221539577	140	2020-04-04
140	1	2020-02-23T19:02:25Z	https://todoist.com/showTask?id=3710293072	False	0	3710293072	[knowledge cartography](https://www.springer.com/gp/book/9781447164692)	0	[]	2221539577	141	2020-04-05
141	1	2020-02-23T07:09:21Z	https://todoist.com/showTask?id=3709482958	False	0	3709482958	[Catalog of Engelbart Papers](https://web.stanford.edu/dept/SUL/library/extra4/sloan/mousesite/EngelbartPapers/Contents.html)	0	[]	2221539577	142	2020-04-05
142	1	2020-03-05T21:06:57Z	https://todoist.com/showTask?id=3735220036	False	0	3735220036	cool tools: a catalog of possibilities - kindle	0	[]	2221740628	143	2020-04-05
143	1	2020-02-12T00:35:40Z	https://todoist.com/showTask?id=3686654520	False	5203934	3686654520	[Critical Reasoning Philosophy](https://www.conted.ox.ac.uk/courses/critical-reasoning)	0	[]	2221740628	144	2020-04-05
144	1	2020-02-23T05:28:11Z	https://todoist.com/showTask?id=3709430108	False	0	3709430108	[A General Equilibrium Approach To Monetary Theory](http://debis.deu.edu.tr/userweb//yesim.kustepeli/dosyalar/tobin1969.pdf)	0	[]	2221539577	145	2020-04-05
145	1	2020-03-05T20:37:31Z	https://todoist.com/showTask?id=3735171648	False	0	3735171648	[Technologically Coded Authority: The Post-Industrial Decline in Bureaucratic Hierarchies](https://web.stanford.edu/class/sts175/NewFiles/Algocratic%20Governance.pdf)	0	[]	2221740628	146	2020-04-06
146	1	2020-02-23T05:27:58Z	https://todoist.com/showTask?id=3709429929	False	0	3709429929	[The Architecture of Economic Systems: Hierarchies and Polyarchies](https://www.nber.org/papers/w1334)	0	[]	2221539577	147	2020-04-06
147	1	2020-03-05T19:30:06Z	https://todoist.com/showTask?id=3735053932	False	0	3735053932	[disunited nations](https://zeihan.com/disunited-nations/)	0	[]	2221740628	148	2020-04-06
148	1	2020-02-11T21:30:28Z	https://todoist.com/showTask?id=3686371087	False	5203934	3686371087	[Kwokchain](https://kwokchain.com/)	0	[]	2221740628	149	2020-04-06
149	1	2020-02-23T03:51:11Z	https://todoist.com/showTask?id=3709381079	False	0	3709381079	[Whom You Know Matters: Venture Capital Networks and Investment Performance](https://www.cis.upenn.edu/~mkearns/teaching/NetworkedLife/VC_networks.pdf)	0	[]	2221539577	150	2020-04-06
150	1	2020-03-04T04:23:31Z	https://todoist.com/showTask?id=3731009357	False	0	3731009357	[the gods of the copybook headings](http://www.kiplingsociety.co.uk/poems_copybook.htm)	0	[]	2221740628	151	2020-04-07
151	1	2020-02-11T21:23:54Z	https://todoist.com/showTask?id=3686358593	False	5203934	3686358593	[Getting to the Greeks: The Comprehensive Guide to Option Pricing](https://www.toptal.com/finance/financial-analysts/option-pricing)	0	[]	2221740628	152	2020-04-07
152	1	2020-02-23T03:36:29Z	https://todoist.com/showTask?id=3709373121	False	0	3709373121	[Tool Being](https://www.learntechlib.org/p/123532/)	0	[]	2221539577	153	2020-04-07
153	1	2020-03-04T04:20:37Z	https://todoist.com/showTask?id=3731007141	False	0	3731007141	[gitprime flow](https://www.pluralsight.com/product/flow)	0	[]	2221740628	154	2020-04-07
154	1	2020-02-11T20:30:37Z	https://todoist.com/showTask?id=3686249346	False	5203934	3686249346	[Julian Lehr blog](https://julian.digital/) - source reading	0	[]	2221740628	155	2020-04-07
155	1	2020-02-23T03:23:12Z	https://todoist.com/showTask?id=3709364938	False	0	3709364938	[Startup Due Diligence for Venture Capital](https://www.process.st/checklist/startup-due-diligence-for-a-venture-capitalist/)	0	[]	2221539577	156	2020-04-08
156	1	2020-03-02T02:09:21Z	https://todoist.com/showTask?id=3725566972	False	0	3725566972	[POWER LAW](https://en.wikipedia.org/wiki/Power_law)	0	[]	2221740628	157	2020-04-08
157	1	2020-02-09T15:44:14Z	https://todoist.com/showTask?id=3680850621	False	5203934	3680850621	[Game Design Lifecycle](https://lostgarden.home.blog/2005/05/06/game-genre-lifecycle-part-i/)	0	[]	2221740628	158	2020-04-08
158	1	2020-02-23T03:22:19Z	https://todoist.com/showTask?id=3709364552	False	0	3709364552	[Stages of VC Due Diligence](https://learn.marsdd.com/article/the-due-diligence-process-in-venture-capital/)	0	[]	2221740628	159	2020-04-08
159	1	2020-02-09T04:24:22Z	https://todoist.com/showTask?id=3680223527	False	5203934	3680223527	[Jigsaw toxic work culture](https://www.vice.com/en_us/article/vb98pb/google-jigsaw-became-toxic-mess)	0	[]	2221740628	160	2020-04-08
160	1	2020-02-22T21:31:36Z	https://todoist.com/showTask?id=3709119678	False	0	3709119678	[Revolt of the Masses](https://en.wikipedia.org/wiki/The_Revolt_of_the_Masses)	0	[]	2221740628	161	2020-04-09
161	1	2020-02-09T04:24:09Z	https://todoist.com/showTask?id=3680223343	False	5203934	3680223343	[Jigsaw Alphabet](https://jigsaw.google.com/)	0	[]	2221740628	162	2020-04-09
162	1	2020-02-24T16:44:50Z	https://todoist.com/showTask?id=3712331796	False	0	3712331796	"[Exploring the ""Planning Fallacy"": Why People UnderestimateTheir Task Completion Times](https://web.mit.edu/curhan/www/docs/Articles/biases/67_J_Personality_and_Social_Psychology_366,_1994.pdf)"	0	[2154077088L]	2221740628	163	2020-04-09
163	1	2020-02-20T05:38:20Z	https://todoist.com/showTask?id=3703894072	False	0	3703894072	[Liquid Information - The Source of Intelligence](https://www.liquidinformation.org/engelbart/62_hlam_frset.html)	0	[2154077088L]	2221740628	164	2020-04-09
164	1	2020-02-21T16:36:12Z	https://todoist.com/showTask?id=3707246922	False	0	3707246922	[The Extended Mind](http://consc.net/papers/extended.html)	0	[2154077088L]	2221740628	165	2020-04-09
165	1	2020-02-24T05:05:37Z	https://todoist.com/showTask?id=3710999660	False	0	3710999660	[Law of the Instrument](https://en.wikipedia.org/wiki/Law_of_the_instrument)	0	[]	2221740628	166	2020-04-10
166	1	2020-02-03T23:20:43Z	https://todoist.com/showTask?id=3669342702	False	5203934	3669342702	[Meet The Man Who Invented The Browser Tab](https://www.buzzfeednews.com/article/josephbernstein/meet-the-man-who-invented-tabs)	0	[]	2221740628	167	2020-04-10
167	1	2020-02-24T04:51:50Z	https://todoist.com/showTask?id=3710986599	False	0	3710986599	[Cognitive models of information retrieval](https://en.wikipedia.org/wiki/Cognitive_models_of_information_retrieval)	0	[]	2221740628	168	2020-04-10
168	1	2020-02-03T23:01:20Z	https://todoist.com/showTask?id=3669314046	False	5203934	3669314046	[Useful Awkwardness](https://dubroy.com/blog/useful-awkwardness/)	0	[]	2221740628	169	2020-04-10
169	1	2020-02-20T05:37:32Z	https://todoist.com/showTask?id=3703893416	False	0	3703893416	[H-LAM/T Mind Map](https://www.mindmeister.com/81074157/h-lam-t-system)	0	[]	2221539577	170	2020-04-10
170	1	2020-02-21T17:53:19Z	https://todoist.com/showTask?id=3707391521	False	0	3707391521	[What things know](https://www.herts.ac.uk/__data/assets/pdf_file/0005/12398/WPIAAD_vol4_tonkinwise_kasunic.pdf)	0	[]	2221740628	171	2020-04-11
171	1	2020-02-03T23:01:07Z	https://todoist.com/showTask?id=3669313758	False	5203934	3669313758	[Why I miss static typing](https://dubroy.com/blog/why-i-miss-static-typing/)	0	[]	2221740628	172	2020-04-11
172	1	2020-02-18T02:17:50Z	https://todoist.com/showTask?id=3698830117	False	0	3698830117	[What is a dynabook](http://www.vpri.org/pdf/hc_what_Is_a_dynabook.pdf)	0	[]	2221740628	173	2020-04-11
173	1	2020-02-19T18:29:26Z	https://todoist.com/showTask?id=3703003146	False	0	3703003146	[All you need to know about colors in UI Design — theory & practice](https://uxdesign.cc/all-you-need-to-know-about-colors-in-ui-design-theory-practice-235179712522)	0	[]	2221539577	174	2020-04-11
174	1	2020-02-03T23:00:56Z	https://todoist.com/showTask?id=3669313500	False	5203934	3669313500	[Google is not enough](https://dubroy.com/blog/google-is-not-enough/)	0	[]	2221740628	175	2020-04-11
175	1	2020-02-18T02:09:49Z	https://todoist.com/showTask?id=3698822278	False	0	3698822278	[Big little idea called legibility](https://www.ribbonfarm.com/2010/07/26/a-big-little-idea-called-legibility/)	0	[]	2221740628	176	2020-04-12
176	1	2020-02-19T18:00:53Z	https://todoist.com/showTask?id=3702942247	False	0	3702942247	[Introduction to Queuing Theory](http://www.ee.cityu.edu.hk/~zukerman/classnotes.pdf)	0	[]	2221539577	177	2020-04-12
177	1	2020-02-14T05:23:00Z	https://todoist.com/showTask?id=3691618892	False	4708959	3691618892	[The sorcerer’s apprentice](https://en.wikipedia.org/wiki/The_Sorcerer%27s_Apprentice)	0	[]	2221740628	178	2020-04-12
178	1	2020-02-18T02:09:00Z	https://todoist.com/showTask?id=3698821370	False	0	3698821370	[Nebulosity](https://meaningness.com/nebulosity)	0	[]	2221740628	179	2020-04-12
179	1	2020-02-19T17:58:41Z	https://todoist.com/showTask?id=3702937384	False	0	3702937384	[Linux Scheduler: A Decade of Wasted Cores](https://www.ece.ubc.ca/~sasha/papers/eurosys16-final29.pdf)	0	[]	2221539577	180	2020-04-12
180	1	2020-03-03T17:20:03Z	https://todoist.com/showTask?id=3729996196	False	0	3729996196	Capture performance statistics for multiple ML models	0	[]	2227325007	181	2020-04-13
181	1	2020-02-03T22:47:17Z	https://todoist.com/showTask?id=3669293070	False	5203934	3669293070	[Icons by Picasso](https://dubroy.com/blog/icons-by-picasso/)	0	[]	2221740628	182	2020-04-13
182	1	2020-02-14T05:22:12Z	https://todoist.com/showTask?id=3691618257	False	4708959	3691618257	[Thousand Nights and a Night](https://en.wikipedia.org/wiki/The_Book_of_the_Thousand_Nights_and_a_Night)	0	[]	2221740628	183	2020-04-13
183	1	2020-02-17T05:14:05Z	https://todoist.com/showTask?id=3696481516	False	0	3696481516	[The architectural relevance of cybernetics](https://cmusyntheticecologies.files.wordpress.com/2014/01/pask_gordon_the-architectural-relevance-of-cybernetics.pdf)	0	[]	2221740628	184	2020-04-13
184	1	2020-02-19T17:58:27Z	https://todoist.com/showTask?id=3702936802	False	0	3702936802	[Linux: Completely Fair Scheduler](https://www.linuxjournal.com/node/10267)	0	[]	2221539577	185	2020-04-13
185	1	2020-03-03T17:19:55Z	https://todoist.com/showTask?id=3729995775	False	0	3729995775	Capture performance statistics for a single ML model	0	[]	2227325007	186	2020-04-14
186	1	2020-02-03T23:22:58Z	https://todoist.com/showTask?id=3669346359	False	4969366	3669346359	[A demonstration of web browser](https://www.youtube.com/watch?v=3c3Rt6QbHDw)	0	[]	2221740628	187	2020-04-14
187	1	2020-02-14T05:21:46Z	https://todoist.com/showTask?id=3691617794	False	4708959	3691617794	[Slave of the Lamp](http://www.telelib.com/authors/K/KiplingRudyard/prose/StalkyandCo/slavelamp1.html)	0	[]	2221740628	188	2020-04-14
188	1	2020-02-17T02:30:48Z	https://todoist.com/showTask?id=3696313151	False	0	3696313151	[The Venture Capital Math Problem](https://avc.com/2009/04/the-venture-capital-math-problem/)	0	[]	2221740628	189	2020-04-14
189	1	2020-02-18T01:55:49Z	https://todoist.com/showTask?id=3698808251	False	0	3698808251	Lee family chat bot - dad bot	0	[]	2229187701	190	2020-04-14
190	1	2020-02-19T17:58:16Z	https://todoist.com/showTask?id=3702936275	False	0	3702936275	[Schedulers: the plot thickens](https://lwn.net/Articles/230574/)	0	[]	2221539577	191	2020-04-15
191	1	2020-03-03T17:19:39Z	https://todoist.com/showTask?id=3729995016	False	0	3729995016	Capture performance statistics for multiple baseline methods	0	[]	2227325007	192	2020-04-15
192	1	2020-02-03T22:45:55Z	https://todoist.com/showTask?id=3669290887	False	4969366	3669290887	[Moonchild](https://vimeo.com/97711824)	0	[]	2221740628	193	2020-04-15
193	1	2020-02-03T22:46:52Z	https://todoist.com/showTask?id=3669292315	False	5203934	3669292315	[On Quality Code: Less is More](https://dubroy.com/blog/on-quality-code-less-is-more/)	0	[]	2221740628	194	2020-04-15
194	1	2020-02-13T19:50:01Z	https://todoist.com/showTask?id=3690926779	False	4969366	3690926779	[MIT Startup Panels](http://ilp.mit.edu/conference.jsp?confid=232&tabname=agenda)	0	[]	2221740628	195	2020-04-15
195	1	2020-02-14T04:48:40Z	https://todoist.com/showTask?id=3691589059	False	4708959	3691589059	[Paradise Lost](https://en.wikipedia.org/wiki/Paradise_Lost)	0	[]	2221740628	196	2020-04-16
196	1	2020-02-17T02:30:12Z	https://todoist.com/showTask?id=3696312351	False	0	3696312351	[Why do VC firms become Platforms? (or why a16z is successful)](https://medium.com/startup-grind/why-do-vc-firms-become-platforms-or-why-a16z-is-so-successful-be12b2d7ce2e)	0	[]	2221740628	197	2020-04-16
197	1	2020-02-18T01:55:33Z	https://todoist.com/showTask?id=3698807972	False	0	3698807972	Set up an AWS or Heroku app to host the chat bots	0	[]	2229187701	198	2020-04-16
198	1	2020-02-19T17:50:23Z	https://todoist.com/showTask?id=3702919936	False	0	3702919936	[Efficient and Scalable Multiprocessor Fair SchedulingUsing Distributed Weighted Round-Robin](http://happyli.org/tongli/papers/dwrr.pdf)	0	[]	2221539577	199	2020-04-16
199	1	2020-03-03T17:19:33Z	https://todoist.com/showTask?id=3729994806	False	0	3729994806	Capture performance statistics for a single benchmark method	0	[]	2227325007	200	2020-04-16
200	1	2020-01-30T19:30:05Z	https://todoist.com/showTask?id=3661179118	False	4969366	3661179118	[Category Theory for Programmers](https://www.youtube.com/playlist?list=PLwuUlC2HlHGe7vmItFmrdBLn6p0AS8ALX)	0	[]	2221740628	201	2020-04-17
201	1	2020-02-09T16:35:45Z	https://todoist.com/showTask?id=3680926134	False	4708959	3680926134	How to Live Safely in a Science Fictional Universe, Charles Y	0	[]	2221740628	202	2020-04-17
202	1	2020-02-17T02:27:10Z	https://todoist.com/showTask?id=3696308995	False	0	3696308995	[Public workshop venture capital and antitrust](https://www.justice.gov/atr/events/public-workshop-venture-capital-and-antitrust)	0	[]	2221740628	203	2020-04-17
203	1	2020-02-18T01:54:30Z	https://todoist.com/showTask?id=3698806994	False	0	3698806994	Github repo integration, quote from github	0	[]	2229187701	204	2020-04-17
204	1	2020-02-19T17:50:07Z	https://todoist.com/showTask?id=3702919467	False	0	3702919467	[Rutgers Scheduling Algorithm Overview](https://www.cs.rutgers.edu/~pxk/416/notes/07-scheduling.html)	0	[]	2221539577	205	2020-04-17
205	1	2020-03-03T17:13:17Z	https://todoist.com/showTask?id=3729980003	False	0	3729980003	How to deal with the storage of persistance models for big data environments?	0	[]	2227325007	206	2020-04-18
206	1	2020-01-25T20:27:21Z	https://todoist.com/showTask?id=3650282505	False	4969366	3650282505	The world between us (Netflix)	0	[]	2221740628	207	2020-04-18
207	1	2020-02-03T22:46:03Z	https://todoist.com/showTask?id=3669291083	False	5203934	3669291083	[What is State](https://dubroy.com/blog/what-is-state/)	0	[]	2221740628	208	2020-04-18
208	1	2020-02-09T16:34:51Z	https://todoist.com/showTask?id=3680924675	False	4708959	3680924675	Third Class Superhero, Charles Y	0	[]	2221740628	209	2020-04-18
209	1	2020-02-17T02:25:45Z	https://todoist.com/showTask?id=3696306990	False	0	3696306990	[do VC platforms make sense](https://bothsidesofthetable.com/do-vc-platforms-make-sense-3f59183512e6)	0	[]	2221740628	210	2020-04-18
210	1	2020-02-18T01:53:32Z	https://todoist.com/showTask?id=3698805735	False	0	3698805735	Create bot - empathy	0	[]	2229187701	211	2020-04-19
211	1	2020-01-19T05:34:40Z	https://todoist.com/showTask?id=3635916704	False	4969366	3635916704	[Silicon Valley the American Experience](https://www.amazon.com/American-Experience-Silicon-Valley/dp/B00AK51OFK)	0	[]	2221740628	212	2020-04-19
212	1	2020-02-03T22:42:19Z	https://todoist.com/showTask?id=3669285736	False	4708959	3669285736	[Things Hidden Since the Foundation of the World](https://en.wikipedia.org/wiki/Things_Hidden_Since_the_Foundation_of_the_World)	0	[]	2221740628	213	2020-04-19
213	1	2020-02-03T22:45:08Z	https://todoist.com/showTask?id=3669289804	False	5203934	3669289804	[Multi-Monitor Productivity](https://dubroy.com/blog/multiple-monitor-productivity-fact-or-fiction/)	0	[]	2221740628	214	2020-04-19
214	1	2020-02-09T17:40:02Z	https://todoist.com/showTask?id=3681021653	False	4445727	3681021653	[A Guide to Interactive Planning](https://www.ida.liu.se/~steho87/und/htdd01/AckoffGuidetoIdealizedRedesign.pdf)	0	[]	2221740628	215	2020-04-19
215	1	2020-02-14T17:11:25Z	https://todoist.com/showTask?id=3692762024	False	4853764	3692762024	[Making Sense of Corporate VC](https://hbr.org/2002/03/making-sense-of-corporate-venture-capital)	0	[]	2221740628	216	2020-04-20
216	1	2020-02-17T02:22:57Z	https://todoist.com/showTask?id=3696303788	False	0	3696303788	[Rise of the Platform for VC](https://www.forbes.com/sites/heatherhartnett/2017/09/28/the-rise-of-the-platform-for-venture-capital-funds/#3863a6c54484)	0	[]	2221740628	217	2020-04-20
217	1	2020-02-18T01:52:56Z	https://todoist.com/showTask?id=3698805090	False	0	3698805090	Create bot - stats guy	0	[]	2229187701	218	2020-04-20
218	1	2020-02-18T16:40:25Z	https://todoist.com/showTask?id=3700307469	False	0	3700307469	[roam research product hunt launch comment review](https://www.producthunt.com/posts/roam-research)	0	[]	2229187663	219	2020-04-20
219	1	2020-02-18T21:22:55Z	https://todoist.com/showTask?id=3700884795	False	0	3700884795	[Google domain + Github Pages](https://dev.to/trentyang/how-to-setup-google-domain-for-github-pages-1p58)	0	[]	2221539577	220	2020-04-20
220	1	2020-01-06T16:55:42Z	https://todoist.com/showTask?id=3608839254	False	4445694	3608839254	[The Twelve-Factor App](https://www.12factor.net/)	0	[]	2221740628	221	2020-04-21
221	1	2020-02-03T22:41:22Z	https://todoist.com/showTask?id=3669284380	False	4708959	3669284380	[I see Satan Fall Like Lightning](https://www.amazon.com/dp/B008KO4MGG/ref=dp-kindle-redirect?_encoding=UTF8&btkr=1)	0	[]	2221740628	222	2020-04-21
222	1	2020-02-03T22:44:58Z	https://todoist.com/showTask?id=3669289506	False	5203934	3669289506	[A study of tabbed browsing](https://dubroy.com/blog/my-chi2010-talk-a-study-of-tabbed-browsing/)	0	[]	2221740628	223	2020-04-21
223	1	2020-02-03T23:22:37Z	https://todoist.com/showTask?id=3669345718	False	4445727	3669345718	[Smartphone by Default](https://www.ofcom.org.uk/__data/assets/pdf_file/0028/62929/smarphone_by_default_2016.pdf)	0	[]	2221740628	224	2020-04-21
224	1	2020-02-12T16:54:04Z	https://todoist.com/showTask?id=3688270067	False	4206594	3688270067	[Screenotate](https://screenotate.com/)	0	[]	2221740628	225	2020-04-21
225	1	2020-02-14T17:11:14Z	https://todoist.com/showTask?id=3692761735	False	4853764	3692761735	[HIstory of CVC](https://www.cbinsights.com/research/report/corporate-venture-capital-history/)	0	[]	2221740628	226	2020-04-22
226	1	2020-02-16T20:04:27Z	https://todoist.com/showTask?id=3695833796	False	0	3695833796	[Notes on Notation](https://www.christophlabacher.com/notes/notes-on-notation)	0	[2154077088L]	2221740628	227	2020-04-22
227	1	2020-02-18T01:52:18Z	https://todoist.com/showTask?id=3698804515	False	0	3698804515	Create bot - Ground rules	0	[]	2229187701	228	2020-04-22
228	1	2020-02-18T16:49:31Z	https://todoist.com/showTask?id=3700329215	False	0	3700329215	[Review tickgit.com](https://github.com/augmentable-dev/tickgit)	0	[]	2229187663	229	2020-04-22
229	1	2020-03-05T01:19:24Z	https://todoist.com/showTask?id=3733241127	False	7568468	3733241127	data engineering techniques	0	[]	2230605416	230	2020-04-22
230	1	2020-01-13T23:14:14Z	https://todoist.com/showTask?id=3624892322	False	4708959	3624892322	[The Wheel of Time](https://www.amazon.com/Eye-World-Book-Wheel-Other-ebook/dp/B002U3CCYM/ref=sr_1_1?crid=35UD3H99RL6FU&keywords=wheel+of+time&qid=1578957229&s=digital-text&sprefix=wheel+of+%2Cdigital-text%2C201&sr=1-1)	0	[]	2221740628	231	2020-04-23
231	1	2020-01-13T23:16:35Z	https://todoist.com/showTask?id=3624895714	False	4969366	3624895714	[The Mind Explained](https://www.youtube.com/watch?v=9SzZTTHbj-8)	0	[]	2221740628	232	2020-04-23
232	1	2020-02-01T20:22:39Z	https://todoist.com/showTask?id=3664960027	False	4445727	3664960027	[How to run a city like amazon](https://meatspacepress.com/)	0	[]	2221740628	233	2020-04-23
233	1	2020-02-03T22:44:32Z	https://todoist.com/showTask?id=3669288774	False	5203934	3669288774	[Immutability is not enough](https://codewords.recurse.com/issues/six/immutability-is-not-enough)	0	[]	2221740628	234	2020-04-23
234	1	2020-02-03T22:45:31Z	https://todoist.com/showTask?id=3669290336	False	4206594	3669290336	[Situated Objects](https://dubroy.com/research/nool16-situated-objects.pdf)	0	[]	2221740628	235	2020-04-23
235	1	2020-02-03T23:27:44Z	https://todoist.com/showTask?id=3669354051	False	4710532	3669354051	[US Government Grants Site](https://www.grants.gov/)	0	[]	2221740628	236	2020-04-24
236	1	2020-02-18T01:52:02Z	https://todoist.com/showTask?id=3698804227	False	0	3698804227	Create bot - Hype Man	0	[]	2229187701	237	2020-04-24
237	1	2020-02-18T01:55:00Z	https://todoist.com/showTask?id=3698807447	False	0	3698807447	Create a reviewer of undeveloped quotes	0	[]	2229187663	238	2020-04-24
238	1	2020-03-02T17:25:35Z	https://todoist.com/showTask?id=3727424421	False	0	3727424421	Implement testing results function for Jan - Mar for performance measurement	0	[]	2227325007	239	2020-04-24
239	1	2020-03-05T01:11:09Z	https://todoist.com/showTask?id=3733231511	False	7568468	3733231511	Folding laundry	0	[]	2230605416	240	2020-04-24
240	1	2020-01-16T00:36:50Z	https://todoist.com/showTask?id=3629960752	False	4969366	3629960752	[The Last Black Man in San Francisco](https://a24films.com/films/the-last-black-man-in-san-francisco)	0	[]	2221740628	241	2020-04-25
241	1	2020-01-16T21:01:46Z	https://todoist.com/showTask?id=3631966097	False	4708959	3631966097	[The Night Angel Trilogy](https://en.wikipedia.org/wiki/The_Night_Angel_Trilogy)	0	[]	2221740628	242	2020-04-25
242	1	2020-01-23T02:15:24Z	https://todoist.com/showTask?id=3644879731	False	4206594	3644879731	[Statecharts: A Visual Formalism for Complex Systems](https://www.cs.scranton.edu/~mccloske/courses/se507/harel_Statecharts.pdf)	0	[]	2221740628	243	2020-04-25
243	1	2020-02-03T22:39:53Z	https://todoist.com/showTask?id=3669282200	False	4445715	3669282200	[Rene Girard’s Mimetic Theory](https://www.amazon.com/Girards-Mimetic-Studies-Violence-Mimesis/dp/1611860776/ref=as_li_ss_tl?ie=UTF8&qid=1498387076&sr=8-1&keywords=wolfgang+palaver&linkCode=sl1&tag=8648526-20&linkId=3dec06812279bad85e6203c5bf78ef0b)	0	[]	2221740628	244	2020-04-25
244	1	2020-02-14T17:10:34Z	https://todoist.com/showTask?id=3692760478	False	4853764	3692760478	[Dogfight : the transatlantic battle over Airbus](https://www.worldcat.org/title/dogfight-the-transatlantic-battle-over-airbus/oclc/25245522&referer=brief_results)	0	[]	2221740628	245	2020-04-25
245	1	2020-02-16T00:05:13Z	https://todoist.com/showTask?id=3694669711	False	0	3694669711	[All the light we cannot see](https://en.wikipedia.org/wiki/All_the_Light_We_Cannot_See)	0	[]	2221740628	246	2020-04-26
246	1	2020-02-18T01:51:41Z	https://todoist.com/showTask?id=3698803926	False	0	3698803926	Update the github repo with links	0	[]	2229187701	247	2020-04-26
247	1	2020-03-05T01:10:50Z	https://todoist.com/showTask?id=3733231135	False	7568468	3733231135	Object Oriented Models	0	[]	2230605416	248	2020-04-26
248	1	2020-03-08T20:05:38Z	https://todoist.com/showTask?id=3740109143	False	5152475	3740109143	Something worth more than money	0	[]	2226160016	249	2020-04-26
249	1	2020-01-05T19:53:18Z	https://todoist.com/showTask?id=3606697820	False	4479544	3606697820	[The Intelligent Investor](https://www.amazon.com/Intelligent-Investor-Definitive-Investing-Essentials/dp/0060555661/ref=sr_1_3?crid=8EBEZNMOC0KC&keywords=the+intelligent+investor&qid=1578253980&sprefix=bina+venka%2Caps%2C205&sr=8-3)	0	[]	2221740628	250	2020-04-26
250	1	2020-01-11T23:37:03Z	https://todoist.com/showTask?id=3620618910	False	4708959	3620618910	“The First and Last Men”	0	[]	2221740628	251	2020-04-27
251	1	2020-02-09T17:46:01Z	https://todoist.com/showTask?id=3681030448	False	5152475	3681030448	Why is markdown not more important?	0	[]	2226160016	252	2020-04-27
252	1	2020-02-15T17:26:40Z	https://todoist.com/showTask?id=3694277863	False	0	3694277863	[chaos theory](https://en.wikipedia.org/wiki/Chaos_theory?wprov=sfti1)	0	[]	2221740628	253	2020-04-27
253	1	2020-02-18T01:50:40Z	https://todoist.com/showTask?id=3698802794	False	0	3698802794	Write the overall workflow for taking notes on paper	0	[]	2229187663	254	2020-04-27
